prompt,local_tresh
Which magazine was started first Arthur's Magazine or First for Women?,0.4210396291553974
"Musician and satirist Allie Goertz wrote a song about the ""The Simpsons"" character Milhouse, who Matt Groening named after who?",0.3316217450618744
 What nationality was James Henry Miller's wife?,0.15461535258293152
"Which tennis player won more Grand Slam titles, Henri Leconte or Jonathan Stark?",0.49532820755243295
"Who was once considered the best kick boxer in the world, however he has been involved in a number of controversies relating to his ""unsportsmanlike conducts"" in the sport and crimes of violence outside of the ring.",0.3111237720012665
"The Dutch-Belgian television series that ""House of Anubis"" was based on first aired in what year?",0.49513219732046126
What is the length of the track where the 2013 Liqui Moly Bathurst 12 Hour was staged?,0.3491106971740722
"Fast Cars, Danger, Fire and Knives includes guest appearances from which hip hop record executive?",0.29731034660339356
"Gunmen from Laredo starred which narrator of ""Frontier""?",0.3722011994242668
Where did the form of music played by Die Rhöner Säuwäntzt originate?,0.4294658027648926
In which American football game was Malcolm Smith named Most Valuable player?,0.4193016810715199
"The 1988 American comedy film, The Great Outdoors, starred a four-time Academy Award nominee, who received a star on the Hollywood Walk of Fame in what year?",0.2580424089074135
What are the names of the current members of  American heavy metal band who wrote the music for  Hurt Locker The Musical? ,0.49944604654312136
"Human Error"" is the season finale of the third season of a tv show that aired on what network?",0.528478592300415
"Dua Lipa, an English singer, songwriter and model, the album spawned the number-one single ""New Rules"" is a song by English singer Dua Lipa from her eponymous debut studio album, released in what year?",0.44316560029983515
"Which state does the drug stores, of which the CEO is Warren Bryant, are located?",0.3268737208843231
Which  American politician did Donahue replaced ,0.22701885974407196
"Which band was founded first, Hole, the rock band that Courtney Love was a frontwoman of, or The Wolfhounds?",0.3042265495538712
How old is the female main protagonist of Catching Fire?,0.3212089218020439
Who is the director of the 2003 film which has scenes in it filmed at the Quality Cafe in Los Angeles?,0.25860439413785935
Were Pavel Urysohn and Leonid Levin known for the same type of work?,100
Are both The New Pornographers and Kings of Leon American rock bands?,0.360700913643837
"750 7th Avenue and 101 Park Avenue, are located in which city?",0.42649975910782817
"Which actress played the part of fictitious character Kimberly Ann Hart, in the franchise built around a live action superhero television series taking much of its footage from the Japanese tokusatsu 'Super Sentai'?",0.2578659233093262
"Who was born first, Pablo Trapero or Aleksander Ford?",0.3769246129870415
Are Jane and First for Women both women's magazines?,100
What profession does Nicholas Ray and Elia Kazan have in common?,0.3359211320400238
"Which documentary is about Finnish rock groups, Adam Clayton Powell or The Saimaa Gesture?",0.4269440123140812
"Who was inducted into the Rock and Roll Hall of Fame, David Lee Roth or Cia Berg?",0.5054031586647034
Zimbabwe's Guwe Secondary School has a sister school in what New York cunty?,0.4482409825921059
"The Royal Commission into Drug Trafficking (1977–1979) or Woodward Royal Commission was a royal commission initiated by the New South Wales Government to investigate drug trafficking in New South Wales, Australia, especially links between the New South Wales Police and Mafia, The Honoured Society, is a Calabrian 'Ndrangheta criminal confederation, started in Melbourne and currently active in all of which country?  ",0.37312621178627015
"The 337th Flight Test Squadron (337 FLTS) was most recently part of the 46th Test Wing and based at McClellan Air Force Base, a former United States Air Force base located in the North Highlands area of Sacramento County, in which US state?",0.4849812150120735
The axial turbojet Pirna 014 was designed by engineers from this German aircraft and aircraft engine manufacturer based in which city?,0.47371705255508423
"Which faith is designated to the University of Providence, private university accredited by the NW association of Schools and Colleges and located in a third largest city in Montana after being passed by Missoula? ",0.5179181549549103
Pauline Henry was known as the vocalist of a very popular cover song. Which album was this song from?,0.34366789197921754
Guitars for Wounded Warriors is an album that was recorded in the village in which New York county?,0.04819681126475334
"What American country music singer-songwriter, born in May of 1942, sang a duet with her ex-husband the same year that he released the song ""The Battle?""",0.20613339896202088
"Who was born first, Francis Nethersole or Elizabeth Stuart?",0.3385945113182068
What does the Hacker-Pschorr Brewery have to limit in order to comply with German regulations?,0.27312207798361776
"Don Barry Mason was the founder of the Psychedelic Shamanistic Institute (PSI), which other member that's Welsh, that died on 10 April 2016?",0.41223202456235886
Are Gin and tonic and Paloma both cocktails based on tequila?,0.4232142171978951
Who is older Glenn Hughes or Ross Lynch?,100
"In what year was the creator of the current arrangement of the ""Simpson's Theme"" born?",0.34979157042503356
The Southern Railway runs from Vienna to Graz and the border with Slovenia at Spielfeld via the first mountain railway built in Europe to use what kind of track?,0.5040436082839965
In what show did Cynthia Nixon receive the 2004 Primetime Emmy Award for Outstanding Supporting Actress in a Comedy Series and a Screen Actors Guild Award for her performance?,0.4391169622421265
"Lee Jun-fan played what character in ""The Green Hornet"" television series?",100
"The 1895/96 Football League season was the eighth in Football League history with Everton, their Goodison Park home, is a football stadium located in Walton, Liverpool, in which country?",0.40420673401355744
"A Head Full of Dreams Tour is the seventh tour by Coldplay, and which had it's first show at a stadium that is known as Estadio Unico and is owned by who?",0.2688077422678471
"Roger Avary (born August 23, 1965) is a Canadian film and television producer, screenwriter and director in the American mass media industry, he wrote the screenplay for Beowulf, a 2007 British-American 3D motion capture epic fantasy film, directed by who?",0.44703943777084354
"The American Pre-Code comedy film featuring an American actress, dancer, and singer, widely known for performing in films and RKO's musical films, was released in what year?",0.32249855690002444
"An edited version of ""Just the Two of Us"" reached number two on the ""Billboard"" Hot 100 behind a song written and composed by Donna Weiss and Jackie DeShannon which spend how many weeks at No. 1 on the ""Billboard"" hot 100?",0.2846137156546116
"Which band has more members, Saint Motel or Curve?",0.25861808012723925
"""Funnybot"" is the second episode of the fifteenth season of which American animated television series, created by Trey Parker and Matt Stone?  ",100
"What American stage, film, and television actor  who also appeared in a large number of musicals, played Samson in the 1949 film ""Samson and Delilah"".",0.3282800308465958
In what political party was the man who officially opened he Royal Spa Centre in 1972?,100
Which Oscar-nominated film was written by the screenwriter who wrote a 1991 romantic drama based upon a screenplay by Sooni Taraporevala?,0.41596650400161744
Are both Tim McIlrath and Spike Slawson American punk rock musicians?,0.4715960614442825
"The Golden Globe Award winner for best actor from ""Roseanne"" starred along what actress in Gigantic?",0.29595494366884234
"The expert mentor to the celebrities that perform on ""Splash!"" won the 2009 FINA World Championionship in the individual event at what age? ",0.3545932282447815
"Still Da Baddest is the fourth studio album by American rapper Trina, following the poor chart performance, ""I Got a Thang for You"" featuring which American singer/songwriter, record producer, business woman, and television personality, and was born in Oakland, California?",0.12405761152803897
What profession does Am Rong and Alexandre Rockwell have in common?,0.32933329071402545
El Nuevo Cojo and Golf Magazine are both special interest publications but which one is owned by Time Inc?,0.473348035120964
Who funds the bowling team that includes the school bus driver for Springfield Elementary School?,100
What city are George Washington University Hospital and MedStar Washington Hospital Center located in?,0.4590731261968613
"What author has contributed to such works as ""New Statesmen"", ""The Nation"", and ""The Atlantic"", among others, while also being being associated with Dysteleology?",0.319581187748909
Who developed the prototype pacemaker used by the 34th President of the USA?,0.2544788687288761
Which publishing company has published Bizarre and a sister publication devoted to the anomalous phenomena popularised by Charles Fort?,0.28647327263355254
"Who performed the lead single on the album Friends in Low Places, No Fences, that reached #1 on Billboard?",0.4445159579396248
Hate to Feel is the tenth track on what Alice in Chains' album that peaked as number six on the Billboard 200?,0.6181299941539764
"The lead singer and guitarist in the Portland, Oregon rock band consisting of John Gourley, Zach Carothers, Kyle O'Quin, Jason Sechrist and Eric Howk, goes by what alias?",0.433686932516098
What year was the winner of the 2016 Marrakesh ePrix born?,0.26955408289432525
"South Korean actor Kim Yool-ho starred in what 2016 movie directed by Yeon Sang-ho Yeon Sang-ho and starring actors Gong Yoo, Jung Yu-mi, and Ma Dong-seok?",100
According to the 2006 census what is the population of the city in which James Iroha Uchechukwu was born ?,0.3450378493309021
Which industry do Richard Hawley and Chicago's Catherine belong to? ,0.32426323029994963
Are Pam Veasey and Jon Jost both American?,0.14342559792399406
Maurice Hines and his brother were famous for what?,0.3797287092626095
Are the New Orleans Outfall Canals the same length as the Augusta Canal?,100
In which stadium do the teams owned by Myra Kraft's husband play?,0.35063408612012864
"The Swedish-British entertainment studio executive and film executive producer, who was the Executive producer for a 2016 American action thriller film directed by Babak Najafi, currently serve?",100
"an Emmy Award winner and two-time Tony Award winner, was on the episode 15 of the third season of ""Chuck"". what is her name ?",0.26665027048587797
"What is the current name of the Atlanta Mansion built for the daughter of the 41st Mayor of Atlanta, Georgia?",100
Who invented the type of script used in autographs?,100
The Boren-McCurdy proposals were partially brought about by which Oklahoma politician in 1992?,0.16575992044210433
The Thoen Stone is on display at a museum in what county?,0.21196099691390993
"Prince William, Duke of Gloucester and Prince George of Denmark, were eventually monarchs of which Kingdom?",0.4505576634764671
"The airline operating in Whitehorse, Yukon handled how many passengers in 2012?",0.4087083494067192
"What State has a Disney Resort & Spa that is a beachside hotel, resort and vacation destination offering complimentary children's activities and programs and that Djuan Rivers was a General Manager at?",0.3249074621915817
"Which organization presents the award in which Chris Noonan was nominated for his work in ""Babe?""",0.15001662308573724
Where is the base of one of the three main British intelligence agencies?,0.20327656508982184
"When a Man Falls in Love, is a 2013 South Korean television series, starring Song Seung-heon, Shin Se-kyung, Chae Jung-an, and which South Korean actor, born on ? ",0.34080975494384763
"Which English actor of stage, film and television from the 1978 BBC drama ""Pennies From Heaven"" appeared in the 2006 BBC Four television play ""Kenneth Williams: Fantabulosa!?""",0.3535305319786071
Who hosted both Miss USA 1968 and The Price Is Right?,0.38734941244125365
Close to the Enemy starred the English actor known as Ash Morgan in what BBC series?,0.37121908979415896
"What book contains a poem which, along with ""Beowulf"" and the ""Anglo-Saxon Chronicle"", preserves a legendary list of the kings of the Angles?",0.3950886279344558
Norbert Holm was arrested and later demoted because of his Chief of Operations association with a military theorist popularly known as what?,100
What state does Sang-Wook Cheong work as a materials scientist?,0.35422005828619
What type of vegetation does Kniphofia and Baptisia have in common?,0.20403287919163704
"Californian rock band Lit recorded A Place in the Sun in 1995, but what's their best known song?",0.4394601429820061
"Gary Harrison, began his career in the 1970s and has written over how many major-label recorded songs including several number-one hits, another artist who have recorded his work include Bryan White, an American country music artist?",0.5129606954932213
The 1976 German Grand Prix was won by a driver who retired in what year?,0.3008389542579651
What event at the Asian Junior Athletics Championships has men and women competing at the same time?,100
Which 1999 French Open - Women's Doubles runner-up was born in Russia on 7 June 1981?,0.3641161605834961
What is the length of the River which has Wild Horse Creek as a tributary ?,0.4442870345354081
Are Manhattan West and Singer Building both projects in New York?,0.4617647302865982
Who is the American internet entrepreneur who founded the company featured on 24 Hours on Craigslist?,0.5216105443000794
Which American college that has sent students to Centre for Medieval and Renaissance Studies was founded in 1874?,0.18942150864601134
"Hot Coffee, Mississippi sometimes shares a zipcode with a nearby city with what population at the 2010 census?",100
Jo Ann Terry won the 80m hurdles event at what Sao Paulo-based event from 1963?,0.2235070998907089
"Pearl Lowe and Alison Goldfrapp, is of which nationality?",0.4081018093943596
"What man, also known as mi Sde-Or, created a military self-defense system developed for the Israel Defense Forces?",0.4312079131603241
"What is the name of this American multinational corporation that provides IT services, headquartered in New Jersey, that acquired Mirabeau?",0.34369357749819757
When was Fannie Lee Chaney's son born?,0.4192124719619751
"The Canada Memorial in Green Park, London, United Kingdom, commemorates members of the Canadian Forces killed during the First and Second World Wars, the memorial was the result of lobbying and fund raising, much of it in Canada, by the former Canadian media tycoon Conrad Moffat Black, his title is what, of this British former newspaper publisher and author?",0.4220868305563927
WNP-3 and WNP-5 were constructed by the agency formed in which year?,0.30954552185535433
"he Central Harbourfront is a waterfront site it is the result of Central and Wan Chai Reclamation, and it sits to the east of the International Finance Centre (IFC), a skyscraper and an integrated commercial development on the waterfront of the Central District, of which territory?",0.6030338568210601
What city does Bundestag and Reichstag building have in common?,0.33282593799233434
"Which musician, Edwyn Collins or Jimmie Ross, played the bass guitar?",0.40228983226418497
"what is the 3112 acre Pennsylvania state park that took over 11,000 to make due to the wave action of lake Erie called?",0.2574708219051361
 Teri W. Odom is a member of a scientific journal first published in 2007 by who?,0.1323052573800087
What forensic psychiatrist consulted on numbers cases including one for a contract killer associated with the DeCavalcante crime family?,0.30961611132621764
"Which American singer-songwriter known as ""the Caruso of Rock"", recorded on the Monument Records label and had hits such as ""Pretty One,"" and ""Uptown""?",0.3534118858337402
"The central character of ""The Adventures of Brer Rabbit"" was later adapted into which 1946 Walt Disney Company motion picture film?",0.2290338752299547
Abraham Weinberg was a suspect in the killing of which Irish-American hitman?,0.44504162156581883
"The 2000–01 NBA season was the Jazz's 27th season in the National Basketball Association, and 22nd season in Salt Lake City, Utah, after the retirement of Jeff Hornacek, the Jazz signed free agents John Starks, and who?",0.3007172058075666
What was population of the city where the Dutch retired footballer Foeke Booy born?,0.16569978683590889
In what year was the company that co-developed and distributed the BlackBerry DTEK60 founded?,0.41266767607927324
Who chaired the ceremony in which the film written by Canet and Philippe Lefebvre won the award for Best Film?,0.25434275002479556
Mackenzie Davis appeared in the 2013 Canadian romantic comedy film directed by whom?,0.326440921497345
The Developing Communities Project's first executive director was which former President?,0.3883519829273224
"Jane's Addiction and Weeping Willows, play which genre of music?",0.3934738380014896
"The largest ship in the ""Imperator"" class ocean liners had how many gross register tons?",100
Were both Joseph Roth and Cid Corman authors?,0.3579098345041275
What was the event that Afghanistan competed in for the first time in 2017 officially known as?,0.3014830117106438
Who was the director of the 2001 American romantic comedy film written by Marc Klein in which Lucy Gordon had a small role?,0.29760216334462164
What hamlet and census designated place was the location of the only pay-per-view Bunkhouse Stampede?,0.4825551233053208
La Barredora was a gang that declared war on the leader of the cartel based where?,0.14006264248788358
What year did the chairman of the Jenkins Commission die?,0.3988306840181351
"Who was born first, Odysseas Elytis or Cornel West?",0.30866742540597913
" ""Let Me Out"" is a song released as the fifth single from what band's fifth studio album ""Humanz"" which was recorded in London, Paris, New York City, Chicago, and Jamaica ?",0.4108256802678108
"Superheaven and Oceansize, are bands of which shared genre?",0.46370125061273576
What nationality was a  historical drama film directed by?,100
"Who has more scope of profession, Richard Ford or Robert E. Howard?",0.38991622343063354
The American Aircraft Penetrator was modified from a helicopter produced by what nation's military?,0.30974246840476993
"Canton Road Station was a planned railway station on the Kowloon Southern Link of West Rail Line, that was to run beneath a large shopping mall located where?",0.3083278035640717
"Gelatine was an airship piloted on September 19, 1905 by a pioneer American aviator and what?",0.32175625076293946
"Which movie was released first, The Hunchback of Notre Dame or Saludos Amigos?",0.3413127279281616
In what country did the repression of citizens by a dictator during the period of 1973 to 1990 occur?,0.11582369850128889
The mother of the vice chair of Hillary Clinton's 2016 campaign for President is the director of what institue?,0.44968331093788144
"Michael Ralph DeVito (born June 10, 1984) is a former American football defensive end, he  the National Football League (NFL), DeVito attended high school at Nauset Regional High School an NEASC accredited high school located in North Eastham, in which state?",0.23831130781173707
"""Apocalypic"" is a song sung by Lizzy Hale from which group? ",0.40309272329807283
Ted Sutton plays Sergeant Cunningham in a2002 film that stars Mel Gibson as what character?,0.25585587443709373
"Who is the former professional tennis player from Italy, Chris Evert or Mara Santangelo?",0.42253584769964214
"The republic with the smallest population of all the members of the Council of Europe is one of few places in Europe where a species of beetle cannot be found, that wew originally described in 1809 by whom?",0.2275061857998371
"How many German scientists, engineers, and technicians, were recruited in post-Nazi Germany as a result of the clandestine operation where Arthur Rudolph became one of the main developers of the U.S. ?space program",100
Jayantabhai Ki Luv Story includes a lead role for the film actress and model who is a native of what city?,0.2665607456445694
"Which is currently more valuable, Temagami-Lorrain Mine or Meadowbank Gold Mine?",100
The Pineground Bridge formerly carried Depot Road over the Suncook River into a town with a population of what?,0.29391669309735297
"Which city is the American rock band, that released their album on March 19, 2012, from?",0.11679125368595122
What suburban county on Long Island and the easternmost county in the U.S. state of New York is the location of a village called Lindenhurst?,0.389326619720459
Which Lightweight division mixed martial artist founded the American Combat Association?,0.2938064165174961
Which video game producers worked with an English film director to produce a film about sports?,0.3435930682182312
Who won a Nobel Prize in 1943 and is associated with Max Volmer?,0.3593371041834354
Who was born first Neil LaBute or H. Bruce Humberstone?,0.3684181658744812
Were Eatza Pizza and Your Pie founded in the same state?,0.3769854480087757
Who is younger Mary Ramsey or Lee Ranaldo ?,0.35234723401665685
What type of species is a Boreo-arctic Montane species found in the most northerly of the abstract five major circles of latitude as shown on maps of the Earth?,0.2571109176516533
"What musical genre was the song that, according to Annet Artani, inspired the Britney Spears song ""Everytime""?",0.4170358398199081
British band The Wanted's third album includes a song with a title about which Barbadian superstar?,100
"Jonas Hummels is the younger brother of a German professional footballer who plays for the German national team, and who else?",0.4197654481649399
How many test centuries did the grandfather of Fabian Cowdrey make for England ?,0.4865279253065586
Which of the following is best known for publicly championing a terminal patient's right to die via physician-assisted suicide: Christy Canyon or Jack Kevorkian?,0.47678578245639797
How long was the rule of the dynasty that was active when the Rosetta Stone was inscribed?,0.23118559383153914
Sojourners and KO Magazine share what publication format?,0.4562117344141006
"At which stadium does the team, for which Baltimore's Marching Ravens is the official marching band, play its home games?",0.43019348640441896
"The John Messer Barn is a historic structure within the Great Smoky Mountains National Park in Sevier County, Tennessee, this barn is a different Messer Barn in which valley, in the Great Smoky Mountains of North Carolina, located in the Southeastern United States?",0.494442177772522
What nationality is the actress who played the role of Sam Sloan's wife Trudy in the sitcom The Single Guy ?,100
"What shopping mall is the largest in south Texas, Malle del Norte or La Plaza Mall?",100
"Which airport is closer to Cleaveland, Ohio, Luis Muñoz Marín International Airport or Rickenbacker International Airport?",0.3796075837492943
What all female high school is located in a town in Sunyani West District  in the Brong-Ahafo Region of Ghana?,0.25403980080485344
"Jinchang and Liling, are located in which country?",0.35469488813281064
What type of vegetation does Fothergilla and Clerodendrum have in common?,0.3605616678237915
What are the plants in the same genus as the Dendranthema boreale sometimes called?,0.3530108485221863
Who is the composer Howard Ashman worked with on his musical released in 1982? ,100
What actor portrayed a character in a television series about a fictional race of superhumans appearing in American comic books published by Marvel Comics?,0.20168081698417664
What comic book published the female superhero created by J. H. Williams III?,0.3661866640627384
What country of origin does Nick Kroll and Get Him to the Greek have in common?,0.33290543575286863
Thomas Harris is a novelist who is famous for creating which character?,0.32126359713077546
"Who founded the college attended by Thomas Balston, member of the Whatman paper-making family?",0.1299022340655327
"Which director is American, Mark L. Lester or Ken Loach?",0.44550885130167006
Kerrygold Irish Cream Liqueur is owned by a company that mainly sells what type or product?,0.3615456323623657
The USS LST-510 is a ferry between New London and Orient but what is the population of Orient?,100
Titus is the soundtrack to the film that starred which actors?,0.44693802151679995
"The producer of The Wreckage of Stars also produced albums for Texas in July, Everclear, and what other American metalcore band from Lancaster, Pennsylvania?",0.32053878557682036
"What magazine an American monthly food and lifestyle magazine founded in 1987, Cooking Light or Hot Rod?",0.472248064494133
"Which tennis player has received a higher World singles ranking, Xavier Malisse or Virginia Wade?",0.35522552514076233
"Atoms for Peace are an English-American experimental rock supergroup comprising Radiohead singer Thom Yorke, is an English musician and composer, best known as the singer and principal songwriter of which band?",0.4280117793083191
What is the nationality of the singer-songwriter who wrote the poetry collection Early Work ?,0.21264536504745485
Where does Lance Stephenson of the Indiana Pacers basketball team play his home games?,0.44747070902585984
Where did the father of Maria Brontë spend most of his adult life?,0.3678558595180511
What is the name of the architect who designed the Lincoln Memorial dedicated in 1922?,0.39178756194114683
Who was born first George Marshall or Allan Dwan ?,100
"The 2005 documentary ""The Aristocrats"" was dedicated to a comedian that received how many Emmy Awards?",0.2698629878640175
The Nike Mercurial Vapor is a football shoe worn by which Colombian striker?,0.19730776584148405
West Ridge and the ridge that has IndependenceAvenue/Liberation Avenue as its eastern boundary are separated by what road? ,0.25125589415431027
"Who completed more books in their lifetime, Anne Frank or John Kennedy Toole?",0.3457893477022648
"What side of town is the Chicago Mayer-endorsed, 38th Ward of the City of Chicago alderman serving?",0.28866491013765333
What American professional basketball player born in 1986 was awarded the Dave Gavitt Trophy during the 2007 Big East Men's Basketball Championship? ,0.3852191780805587
Where is the company that built Woodvale Historic District located?,0.2507301837980747
"The Time: Night, is a novella by which Russian writer, novelist and playwright?",0.26543489745259286
From what country are both Maurice Newman and Macquarie University? ,0.2872740097105503
Were Up and The Watercolor released in the same year?,100
Which mentor in the 3rd Sa Re Ga Ma Pa Challenge died in Kokilaben hospital?,0.2932829391956329
"What city is located in Gauteng, South Africa with a suburb called Kew?",0.4600140987038613
"What electronic band's  song ""Dangerous"" was certified gold by the RIAA in May 2015?",0.0760291273444891
Are David Gordon Green and Larry Hagman both actors?,0.41740990138053896
For which North American auto racing series launched by the Sports Car Club of America does Jack Baldwin drive a Porsche Cayman S?,0.3184032379150391
Are Calochone and Adlumia both plants?,0.4529714019596577
What year was the English actor and film producer born in who also starred in an adaptation with Renee Zellweger?,0.31444094367027287
"Who's the Hungarian-born US film director renowned for adapting Stephen King novellas to the screen, including The Mist and The Green Mile?",0.39934649637937547
Are Grasshopper and Sake bomb both types of drinks?,0.396332516169548
"Donington School F.C. was an English football club, based in which large village and civil parish in the South Holland district of Lincolnshire, England?",0.37415028913021087
Who achieved fame starring alongside John Richard Schneider in a television series?,0.3910401589751244
"Who was born first, Joe Manganiello or Kirk Kerkorian?",0.2862451107501984
Lee Il-hyung's first feature film was released by which company ?,0.35378650846481324
"Rick Seibold has worked with what artist known for her role in ""Big Time Rush""?",0.26669993209540843
"Where is the band that wrote ""The Drug in Me Is You"" based in?",0.3513346016407013
Who wrote and directed the film in which Adam Beach played Slipknot?,0.1568332679629326
"Alamgir joined Meesha Shafi, Strings, Ali Azmat and Shahzad Hasan as a judge on which popular show?",0.2422803466439247
What network is the reality TV Show that features American former professional baseball left fielder who played 22 seasons in Major League Baseball (MLB) with the Pittsburgh Pirates and San Francisco Giants?,0.4231336067616939
Emprise Bank has branches in a city situated along what river?,0.2271270868778229
Who represents the district that Gawthorpe is in?,0.4469385279893875
"George Palmer Putnam, was an American publisher, author and explorer, known for his marriage to who, which American aviation pioneer and author, and was the first female aviator to fly solo across the Atlantic Ocean?",0.299085831284523
The President of Egypt that changed the Hamayouni Decree was born in what year?,0.27600901315212245
Is Lysichiton and Ageratum geus in the same family?,0.31000054013729095
"Huddersfield Giants R.L.F.C. are an English professional rugby league club from Huddersfield, West Yorkshire, the birthplace of rugby league, who play in the Super League competition, they play their home games at the Kirklees Stadium which is shared with Huddersfield Town F.C., is a multi-use sports stadium in Huddersfield in West Yorkshire, in which country?",0.5170168691277504
"Javier Mora, is a Mexican boxer in the Heavyweight division, he was defeated by Alexander Vladimirovich ""Sasha"" Povetkin, by a 5-round TKO, in which country?",0.23837628477215766
"Dixit Dominus is a psalm setting by who, which was a German, later British, baroque composer who spent the bulk of his career in London, becoming well known for his operas, oratorios, anthems, and organ concertos?",0.34003765220642085
Who is the Russian figure skater who danced with a Russian pair skater and in 1988 and 1994.,0.45529184963703156
It Takes a Family is a response to this 1996 book that was published by who,0.41305842309594154
Which show connects Arthur Darvill and Matt Smith?,0.25223992660045624
"The Acolytes Protection Agency consisted of what wrestler born November 29, 1966",0.14403343885838985
"What host of The Voice UK was in ""Doctor Who""?",0.42405938714742664
What era was the man associated with Fanny Talbot the leading art critic of?,0.3182637884616851
"Which guest who appeared in the album ""Animal Ambition"" was born with the name Albert Johnson? ",0.18275597966313362
In what city was the rock band formed which was paid tribute by Listen Without Distraction? ,0.22393084065318108
What is found in Prochlorococcus and essential for photosynthesis?,0.4467044467449188
"In which theatre in Los Angeles did the late-night talk show host of ""Chelsea Lately"" host the 2010 MTV Video Music Awards?",0.2302165070414543
"Brian Keith ""Herbie"" Flowers, is an English musician specialising in electric bass, double bass and tuba, he has contributed to the recording Give My Regards to Broad Street is the fifth studio album by who, as well as the soundtrack album to his 1984 film of the same name?",0.25354079134762286
What is the meaning of Trevor Prangley's other division the fought in aside from Light Weight?,0.4803430190563202
Which event was a surprise military strike by the Imperial Japanese Navy Air Service while Magruder Hill Tuttle was a senior officer in the United States Navy?,100
"Simone Kirby is an Irish actress, her credits include as Tracey Moynihan in which Irish dramatic television series broadcast, on RTÉ Television, the show aired between 2010 and 2014?",0.277451863861084
Who did the professional tennis player currently ranked World No. 1 in men's singles defeat in the 2017 Barcelona Open Banco Sabadell - Singles?,100
"The band that released the album ""Let's Cheers to This"" is from what Florida city?",0.13592125474512576
Which breed of dog is now extinct: Chinese Crested Dog or the Chien-gris?,0.4254140392541886
Which African-American composer co-wrote Air?,0.3561238247871399
"Anil V. Kumar,  is a television and film director and producer in India, his production house, Flying Turtle Films co-produced the movie ""Zanjeer"" starring Priyanka Chopra and which actor, and entrepreneur, who works in Telugu cinema?",0.3756896004676819
Which was available first the No Card or the Octopus card?,0.22796296591758727
What is the phrase that is commonly used on the day which is observed on 25 April each year?,0.3753460354208946
"Which band's song was used as the theme at the Pepsi Arena on January 8, 2006?",0.1875557554602623
The Colts' first ever draft pick was a halfback who won the Heisman Trophy in what year?,0.306949605345726
The Grand Lodge of the Republic of Liberia is based on a branch of North American Freemasonry founded on what date?,0.5185596755683421
Mary Small served the county whose seat is what town?,0.19966151045560834
What 1998 film with Arthur Nascarella was directed by Tony Scott?,0.20389750710725785
Which Byron Edmund Walker founded institution was originally controlled by the Church of England?,100
The weapon BFG is found in which game developed by id Software ?,0.46683401699066157
Which court case concerned the president of the Foundation of Moral Law and a stone monument of the Ten Commandments?,0.2745243953347206
The 2016 Liberty Bowl was sponsored by a company based in what city?,0.26050415275096894
in the 2003-04 Wolfsburg signed a starlet from River Plate who plays in what position ?,0.33721142320632935
"American actor, Peter Hansen, best known for his role on General Hospital, also starred in The War of the Roses with American film and stage actress and director who has won how many Golden Globe Awards?",100
Arthur Noss won a Military Cross as the gunner of a soldier born in which year ?,100
"Who produced the movie that ""Puss in Boots: The Three Diablos"" is the sequel of?",0.45754863713979715
On which former estate was the venue of Aloha from Hawaii Via Satellite located?,0.16256189651489258
Where is the record company based that was co founded by the frontman of Minor Threat and Fugazi?,0.4079266862869263
"Kiawah Island, South Carolina was mentioned in ""Porgy and Bess,"" composed by the man best known for which other 1924 orchestral composition?",0.41153797073364257
"Richard Yates published a work by the name of ""Eleven Kinds of Loneliness"", one of Italo Calvino's best known works was of the same genre and named what?",0.39003474998474125
Who directed a 2016 musical filmed in Howth?,0.2635549495637417
Son of Paleface starred the comedian and vaudevilian of what nationality?,0.2682862097918987
What television series did the actor that Penny Layden performed with in The Libertine star in and subsequently became a teen idol?,0.42877754832506176
What network did the show on which Kim Roberts played Neeva air on?,0.20325477015972138
"""Touch"" is a song from an album released under which labels ?",0.241934482973814
When was the stadium Wollongong Wolves Football Club plays at opened?,100
"Irma Pamela Hall, an American actress who has appeared in numerous films and television shows since the 1970s, and is best known for playing matriarchal figures including in which 2004 American black comedy thriller film directed by Joel and Ethan Coen?",0.32594375447630886
Alan Furst and Lee Child are what?,0.3646426205396652
"Tenth Avenue Freeze-Out  is the second song on which of Bruce Springsteen's breakthrough album, that is the third studio album by American singer-songwriter Bruce Springstee?",0.4440880157232284
In what city did Duane Swank get his PhD?,0.12049657706022264
Which publication is published more often: Modern Drummer or Bookmarks?,100
Mindless Self Indulgence and Tappi Tíkarrass are both what?,0.3553829906702042
"Terenzo is a city in the Province of Parma, which region of Italy is Terenzo located in?",0.5241479726791382
When was the  Prime Minister of India after which V. K. Krishna Menon was regarded as the second most powerful man in India born?  ,0.22571662888526917
The Colombian airline that has been the national airline and flag carrier of Colombia since 1919 is wholly owned by a company headquartered in what country?,0.3655162136077881
What is the approximate population of the country that Koularo lies in?,100
"What actor in Holding the Fort is also known for being a television presenter for shows ""Game for a Laugh"", ""You Bet!"" and ""Stars in Their Eyes""?",0.3400946661472321
"What other band was featured on the cover page of the Alternative Press magazine for the ""100 Bands You Need to Know in 2010"" alongside The Cab discography and Never Shout Never? ",0.24826085474789142
In what year did the English actor from the film The System die?,0.22565953330993652
One of the football forwards who plays for SC Pinkafeld is from which European country that borders Austria?,0.18353561890125275
"What is the birthdate of this Count of Luxembourg and King of Bohemia, who was father of Psalter of Bonne de Luxembourg?",0.3353603790283203
Are both Simon Wincer and Patrice Leconte film directors?,0.39346204543113705
Who wrote the song that was sung to the famous tune of the composer known as the Father of the Symphony?,0.23587023092508316
what the real name of the welsh electronic music producer DJ who have been visited the night club called Flex in vienna hundreds of times?,0.30788033962249756
"What is a resort and National Historic Landmark in Palm Beach, Florida, built from 1924 to 1927 by cereal-company heiress and socialite Marjorie Merriweather Post, that has Magazines available for free to members of the resort?",0.3221136469602585
"Route 146, Interstate 890, and what other highway all run through Schenectady, New York?",0.3376234466731548
"Who won the election that ran concurrently with the North Dakota gubernatorial election, 2016?",100
Who released the album with a single which originally reached number 60 on the UK Singles Chart in 1997?,0.328088742095232
What was the official name for the draft that Thomas E. O'Donnell was a public opponent of?,0.26306683216094967
"The creation of Fontana Lake submerged Proctor, North Carolina and what other town?",0.3121982454776764
"Which air force base is the headquarters for the Eastern Air Defense Sector and located 12 mi east of Panama City, Florida?",0.2294749472975731
When was the company that publishes the journal Magnetic Resonance Imaging established ?,0.27531631326675415
"Ian Hunter and Stuart Murdoch, have which musical occupation in common?",0.4283763008117676
"Signet Jewelers owns what Delaware based retailer, along with Kay and Jared?",0.43925200418233873
Since when has the automobile driven by Garrett Smithley for MBM Motorsports been sold?,0.3389717378556728
What other real life boxer did Mike Williams act with in Rocky V?,100
"Spaceballs is a 1987 American comic science fiction film co-written, produced and directed by Mel Brooks, the film also features which American actor, businessman, and animal welfare advocate, best known for his role as patriarch Tom Bradford on the ABC television comedy-drama ""Eight Is Enough""?",0.35116296644210815
"What Dutch DJ did Richard Bedford collaborate with on the album ""Intense""?",0.33098077489733696
 Is Advanced Micro Devices or Level 3 Communications headquartered further west?,0.30871009552478795
Wayne's World featured the actor who was a member of what Chicago comedy troupe?,100
Peter Bakovic played for which National Hockey League team?,100
"Who is older, Vincent Walker or David Usher?",0.2739803321838379
What telenovela inspired the TV show that the band Eme 15 was formed on in 2012?,0.520345362019539
"Who released their second album with a band from Louisville, Kentucky?",100
Who is married to Jim Tomlinson and released an album entitled Raconte-moi?,0.30014277856349947
"The university who was led to six national championships by Paul ""Bear"" Bryant, had its first ever Heisman Trophy winner drafted by what NFL team?",0.31810682344436647
"Which actor starring in ""Lisa Picard Is Famous"" was born in Douglas County?",0.08281790882349015
"What is the name for the regulatory body of over 25,000 football clubs in Germany?",0.4051610678434372
"Which was halted by a natural disaster, Camlaren Mine or Barton Mine?",0.3725586701631546
Where is the company based that sold Vodafone it's New Zealand operations?,100
" ""The Twentieth Century is Almost Over"" was re-recorded five years later by Cash and Waylon Jennings,  Kris Kristofferson, and  Willie Nelson, one of the most recognized artists in what type of music?",0.2953952786445618
"Charles Hutchison and Reginald Barker, have which mutual occupation?",0.36254441450834274
Was Beyond the Gates of Splendor or Jesus Camp released first?,0.41477330166101456
"Tura Beach, New South Wales is a suburb of a town that had what population at the 2016 census?",0.6123162601351738
How many stores are in the major shopping centre that is served by the Garden City bus station?,0.4538484552204609
Padgate is a suburb of an english town on the banks of the River Mersey whose population was estimated to be 208800 in 2016 but in which unitary authority area is it located?,0.4841471347332001
"What band originally from Tucson, Arizona and currently from Albany, New York released their first album in 2000?",0.2838666644215584
Are Randal Kleiser and Kyle Schickner of the same nationality? ,0.09584829635620117
Barbara Jordan and Mark Knowles are both what?,100
Was the president who appointed Thomas C. Mann a democrat or a republican?,0.19718692034482957
"What  teen sex comedy film written by Adam Herz and directed by brothers Paul and Chris Weitz, starred an actor best known for her role as Jessica ?",0.23970648517310617
"The Sia song ""Never Give Up"" is from the soundtrack of a film that is based on what non-fiction book?",100
What area is the species of Spruce which can be found in Rensselaer Plateau native to?,0.2911589444160461
United 300 and 300 were both made in what country?,0.3217993592977524
"1979, is a song by American alternative rock band, the Smashing Pumpkins, the second single from their third studio album, was released on October 23, 1995 in the UK, is titled?",0.1561852854192257
"Lookwell was a television pilot written and produced by Conan O'rien and Robert Smigel, and was a personal favorite of what American television executive who was president of NBC from 1980-1991?",0.3773056878626347
Where is the globe that succeeded the Globe of Peace as the world's largest rotating globe located?,0.35313243238925934
"Bath School of Art and Design is an art college in Bath, England, it forms part of the Bath Spa University, a public university in Bath, England, with its main campus based at Newton Park on which location?",0.4719558687448502
"Are both Nasdaq, Inc. and Citrix Systems catering to the same customer bases?",100
"The man that had a single titled ""That's My Pa"" played what character in the film ""High Noon""?",0.2812982419967651
"The Pantanal is a mid-size pickup truck made by the Brazilian off-road vehicle manufacturer Troller Veículos Especiais S/A, a manufacturer of off-road vehicles in which country, from 2006 to 2008?",0.4821563036203384
Where is the there a small medevial castle,0.2513490922629833
The 32nd TCA Awards were hosted by a  Mexican actor best known for his roles as Fernando Mendiola in what?,0.3429954724311829
"Are the documentaries Welcome to Durham, USA and The Agronomist both about Durham, North Carolina?",100
"Which close friend of George Washington, Alexander Hamilton, and Thomas Jefferson, did a scion of the Huger family of South Carolina attempt to rescue?",0.4006128580570221
John Severin was an American comics artist who had a 45 year stint with the magazine Cracked that was founded in what year?,0.34886138199567795
Rags Ragland died how many years after starring in Meet the People?,0.38019111585617066
Do filmmakers Chris Carter and Theo van Gogh share the same nationality?,100
What genre is The Warriors Gate?,100
Brutti di notte is a parody of the film starring which actress?,0.4958378465652466
Rhodochiton and Platystemon are both genuses of what kind of life form?,0.4435963050842285
James Mulgrew is the star of which comedy sketch show?,100
 Elkhan Mammadov is the project leader for the bid for which quadrennial competition?,0.4643006509542465
"Q: What venue, also called the ""Convent Garden,"" did Adrian Boult conduct for?",0.18725444152355192
Which airline founded by Frank Lorenzo was affected by a strike in 1989?,0.4172889974355698
What 2001 novel by Britney Spears is dedicated to an American author and mother of film and television producer Bryan Spears and country singer Jamie Lynn Spears?,0.3172144743800163
"What Carnegie library building located in the most populous city in Kansas was built in 1915, and listed on the National Register of Historic Places in 1987?",0.26965818336606023
The Centralia Massacre was committed by which pro-Confederate guerrilla leader?,0.36679832181334493
Garth Jennings and Lee Cheol-ha shared what occupation?,0.3509922971427441
When was the record producer that produced Love Has Come for You born? ,0.09175384613871575
"Before finishing her feature film, Something's Got to Give, when did American actress, model and one of the most popular sex symbols of the 1950s, Marilyn Monroe die?",0.3335216198265552
"Which was released second, Charley and the Angel or Planes?",0.3147598251104355
Which of the following documents the issues of the LGBT community: Pride Divide or The Big Melt?,0.4839515098035336
"Who was born first, Martin Heidegger or Lydia Davis?",0.34205517879724506
Mike Gibbons won the middleweight championship after the previous champion was found murdered where?,0.35151600819826123
Are Thums Up and Mott's based in the same country?,100
What roles does American actress which  Manfish featured in  the motion picture debut of do play,0.33103715739250184
"Which genus has more species, Fir or Chelone?",100
John Kassir and Tom Kenny both voice this one character?,0.2890205890059471
What year did the the German composer whose compositions are in The Individualism of Gil Evans die?,0.29273452603816985
At which laboratory was Carsten Olsen employed as an assistant to the Danish chemist who introduced the concept of pH?,0.3449714201569557
Which American animated television series created by Trey Parker and Matt Stone features a character called Butters who thinks up schemes to take over the world in its 86th episode?,0.39488607398271564
Do both Juniper and Indigofera belong to the cypress family Cupressaceae?,0.36026049122810366
Who is the current world record holder in high jump and uncle of Lorenzo Sotomayor Collazo? ,0.3250500470399857
What Category 5 hurricane cause the Sqannanoa River to flood?,100
Navarone Garibaldi is the half-brother of a singer who has been married how many times?,0.22649931757450106
What was The original name of the Football club Samuel Johnson moved to in 1901? ,0.348505679833889
Both the Drever and Finnish Hound are two dog breeds that are bred for what purpose?,0.3916193153858185
"Who has won more Grand Slam doubles titles, Elizabeth Smylie or Vasek Pospisil?",0.48178286941051485
"In the 1990's, who built one of the three mills landmarks in California?",100
Girard city is located in a county with how many inhabitants ?,100
What year was the series published that recounts the adventures of Anne Shirley and published by Scholastic Press?,0.3675067511558533
The 1932 German football championship Final was played at a stadium that opened in what year?,0.2874763832509518
"What American composer who died in 1978 was associated with an American Opera Company located in Jackson, Mississippi?",0.4067118799209595
What occupation was shared by both John Frankenheimer and Tiffanie DeBartolo?,100
"Which mine in California, lasting from 1873 to 1883, became one of the most noted mercury producers in the world?",0.3651411379694938
"Name the mother of Edward Stafford, 4th Baron Stafford, who was the daughter of the English nobleman and politician Edward Stanley, 3rd Earl of Derby?",0.35832665574550626
"Which author was born first, Lorraine Hansberry or Sandra Gulland?",100
What is the Kaurna name of the river that runs along Mount Torrens in South Australia?,0.42203803129792217
What does the L stand for in Patriot Games star Samuel L. Jackson's name?,0.30167553055286406
"Which movie was co-written by the person who directed ""Blood""?",0.2560709694862366
Are Kelly Jones and Martha Reeves both singers?,0.40620262863636014
"Which professional American football team based in Ohio did Ivan ""John"" Jurkovic play for?",0.26991310272216795
"Choi Min-sik, is a South Korean actor, he also starred alongside Scarlett Johansson in Lucy, an English-language French science fiction action film written and directed by who?",100
Snow White is a Disney media franchise based on a German fairy tale by who?,0.22267805028855803
What connection does the private liberal arts college known for its distinctive curriculum centered on reading and discussing the Great Books of Western Civilization have to] EnVISIONing Annapolis? ,0.4481025934159755
The Prancing Horse was used by which top Italian fighter ace?,0.4456106234192848
"What Bible college located in Louisville, Kentucky, was attended by Paul R. House who served for a time as president of the Evangelical Theological Society?",0.41912529287338257
Joan Jett & the Blackhearts covered a song by the first westerner to achieve pop start status in Japan.  When was that song first recorded?,0.4238732424736023
"MindGamers is a 2015 Austrian science fiction film directed by who, the film stars Antonia Campbell-Hughes, a Northern Irish actress and former fashion designer, best known for appearing in Jack Dee's sitcom ""Lead Balloon""?",100
When was Jordan Mintz whictleblowing publicized?,0.41250179316997526
The motorway reffered to as the Mid Wirral Motorway is located in a suburb known for which buildings?,100
What suicide attack was located inside the Forward Operating Base Chapman? ,0.3135220109283924
"What principal dancer in the Bolshoi ballet, born in 1988, is a student of Valery Lagunov?",0.3596076584815979
what was the birth year of the fifth governor of a British colony in north America that existed from 1632 to 1776?,0.3084638891220093
"What is a semi-professional football club in Hyde, Greater Manchester, England?",0.43733552771806716
"The pop singer in the lead role in ""Tere Bin Laden"" received how many Lux Style Awards?",0.4034422213792801
What's Golden was included in an open world racing video game that was developed by Playground Games and published by who?,0.40233239940404897
Which  province in the north of the island of Ireland did Queen Medb of Connacht  made his invasion,0.20373779006302356
Jeremy Brock is the writer and director of this 2011 drama that was adapted from him and what other female?,0.3562014794111252
Gabe Turner has collaborated with the actor and film director who won his first Academy Award in which 1995 crime thriller?,0.2532533672809601
Door into the Dark is a poetry collection by a man that received the Nobel Prize in Literature in what year?,0.3866154664993286
"""Just a Lil Bit"" is the third single from 50 Cent's second album, ""The Massacre"", released on which date?",0.47444936064481735
"A Common Man is a 2013 American-Sri Lankan thriller film starring Ben Kingsley,  an English actor with a career spanning more than how many years?",0.36567321302890776
Which highway that has a junction at Cairo Junction is 1286 miles long?,0.2657803107261658
"Which documentary was released earlier, Almost Sunrise or 51 Birch Street?",0.40263492995500566
"Faugh a Ballagh, is a battle cry of Irish origin, meaning ""clear the way"", and today it remains the motto of which (27th (Inniskilling) 83rd and 87th and Ulster Defence Regiment) (R IRISH) is an infantry regiment of the British Army?",0.4198667832374573
"Four Shores, is an album from the Latvian band Brainstorm, Lonely Feeling"" is dedicated to which Swedish-born American film actress, during the 1920s and 1930s? ",100
When was the band for which Bob Welch was a guitarist formed ?,0.3893565637588501
" ""I Saw Her Again"" was co-written by what Canadian singer born in 1940?",0.20368815697431567
What is the name of the character in Quantico played by the same actor who starred in Tower Block?,100
Seoul Train and Making North America are both films in what style of cinema or film making genre?,0.15508782113194466
"War for the Planet of the Apes is a 2017 American science fiction film directed by Matt Reeves, a sequel to which 2014 American science fiction film directed by Matt Reeves and written by Mark Bomback, Rick Jaffa and Amanda Silver?",0.45435110688209535
"Which composer was Hungarian, Béla Bartók or Johann Christoph Pepusch?",0.4037394503057003
"Enterprise Car Sales was established in 1962 by founder Jack Taylor, which American car rental company headquartered in Clayton, Missouri, United States in Greater St. Louis?",0.4080931223630905
"Which American guitarist and bluegrass musician from Danville, Virginia did Rebecca Rippy play or share the stage with?",100
"The 2016 Miami Dolphins season was the franchise's 47th season in the National Football League, the 51st overall and the first under head coach Adam Gase, with their Week 15 win over the New York Jets, the Dolphins clinched a winning record for the first time since 2008, and clinched a playoff berth the following week after which franchise's 47th season in the National Football League, the 57th overall and the fourth under head coach Andy Reid and the fourth and final season under general manager John Dorsey who was fired June 22, 2017?",100
"What was the name of the band that starred Belinda Carlisle and released the album, Germicide in 1977?",0.48167612500786783
Logan Lerman starred in which 2017 drama directed by Shawn Christensen?,0.43230367287397387
"Which plant, Buddleja or Burchardia, is an herb named after a German botanist?",0.4680626019001007
What Brazilian professional footballer endorsed the Mercurial Vapor boot?,0.3805241681456566
"Which film was released first, Roving Mars or The London Connection?",100
" Blake Alexander Carrington is a fictional character on the ABC television series ""Dynasty"", created by Richard and Esther Shapiro whose role was portrayed by John Forsythe, and also appeared as a guest on several talk and variety shows and as a panelist on what type of television show?",0.6103649910628796
What is the capital of the archipelago where Djoièzi is located?,0.20867077440023424
What is the capital of the state Curly Ray Cline is from?,0.14104785004258155
Fritz von Brodowski was killed during what global war that lasted from 1939 to 1945?,0.18518598204255105
In what country are the cities Guilin and Ankang located?,0.34818472433090214
"Which genus has a name derives from Greek words, Micromeria or Pamianthe?",0.25117780592143535
Are Manettia and Fragaria both edible?,0.3436554840445519
The 34th Foot Regiment was sent to fight who?,100
"Splendor in the Grass was a film directed by a Greek-American director described as  ""one of the most honored and influential directors in Broadway and Hollywood history"" by who?",0.3879403270483017
"Abraham Bankier was one of the owners of the Rekord factory that was taken over by a German Industrialist, spy, and member of the Nazi Party who is credited with saving how many Jews during the Holocaust?",0.3471859447956085
"Sam Goody, who was run by Musicland Group, Inc., filed bankrupcy in which year?",0.5015069550633431
"Kevin ""Jack"" Haugrud was the acting United States Secretary of the Interior, serving since the end of the Obama administration on January 20, 2017 until the swearing in of Ryan Zinke, an American politician and businessman, on which date?",0.489686549949646
Puklo srce is an album by a singer who lives where? ,0.31814246547222136
Hall of Fame Racing is a team created by a joint venture of a number of players including the quarterback who was the #1 overall draft pick in what year?,0.32460268661379815
Who administers the federal law that the California Healthy Families Program implements?,0.535351548051834
Cyril Briggs was dedicated to advancing what  worldwide intellectual movement that aims to encourage and strengthen bonds of solidarity between all people of African descent,0.2289057970046997
When was the host that Renee Montagne succeeded born?,0.2387252910733223
In what year did the submarine that sank the Tsushima Maru open to public tours?,100
"Where are the metalcore band from, that released second full-length album titled Rage?",0.5187884646177292
"The actress that plays Amber in the sitcom ""The Old Guys"" received a BAFTA TV Award in 2014 for her role in what tv show?",0.23026644287109377
What song recorded by Fergie was produced by Polow da Don and was followed by Life Goes On?,100
"Who owns a licensed brand that seeks to engage the private sector in raising awareness and funds to help eliminate HIV/AIDS in eight African countries, who's partner is a Dutch sports and clothing company, which sells alpine sking and tennis equipment?",0.25937121126651763
Them Crooked Vultures and The Vines are both part of what music genres?,0.3249900151491165
Who was the former wife of the American musician who led the band Kings of Rhythm?,100
Are Mary Doria Russell and James Joyce both novelists?,0.34280257596969604
Which star in The Pokrovsky Gate was also a director and occasional singer?,100
Who directed the movie that Olympia Dukakis won an Academy Award for?,0.2680740377426148
"Skyler Elizabeth Day (born August 2, 1991) is an American actress and singer, best known for her recurring roles as Maggie Ritter on the series ""Gigantic"", on TeenNick is an American digital cable and satellite television channel that is owned by Nickelodeon Group, a unit of the Viacom Media Networks division of Viacom, aimed primarily at teenagers aged what span?",0.1498042509049177
"When was the English disc jockey who hosted ""The Voice UK"" born? ",0.3452339106202125
6 Interpretations included the songwriter who performed in what band from 1985 to 1995?,0.19760520553588867
"What year did the namesake of Fort Davis, Alaska die?",100
What piece was composed in 1937 for the American Bandmasters Association and has a melody similar to Green Bushes?,100
Feodor Chin voices the character of Zenyatta from a game by a developer an publisher based in what city and state?,0.289560618519783
Pete Mount was the father of the American Basketball Player who was the first high school athlete on the cover of which publication?,0.31393235281705856
"What is the best known song of the artist who originally recorded the song ""A Thousand Times a Day""?",0.26461279084682465
What Indian politician hosted a Hindi language Indian television talk show?,0.2645736418187618
" Jessica, is the second single from York-based rock band Elliot Minor, the band wrote this song out of their affection for which American actress and businesswoman?",0.20897414339780807
How many people were killed by a van bomb by the man Inga Bejer Engh prosecuted in a high profile 2012 trial?,100
The Jargon Society has published books by the founder and primary theorist of what group of poets?,100
What sport does Pieter Nys and Fortuna Sittard have in common?,0.42659849815368656
What British comedy film starred Robin Weaver?,0.3303078162193298
Whitney Williams has a chair on the board of a non-profit with Ben Affleck and what other company?,100
Which painter created the 'Beguiling of Merlin' and was closely associated with the later part of the Pre-Raphaelite movement? ,0.3978982011973858
Nikolaas Tinbergen shared the 1973 Nobel in Medicine with the zoologist who was of what nationality?,0.24709708399772645
"In what conference is the University that had a coach born on September 9th, 1960?",0.16084891557693481
Oliver Boot had a role in the Moliere-based film that was first performed in what year?,0.3535133285522461
" ""Your Love Had Taken Me That High"" is a song recorded by a singer that received a string of Country Music Association awards for duets with who?",0.33293139648437503
How far north from Salzburg is the Austrian village that shares a name with a controversial German Pilsner or pale lager?,0.20179951744675637
Were Nikos Koundouros and Curtis Hanson both film directors?,100
"Qwirkle and Evo, are which type of entertainment?",0.28154289497733115
What Emmy Award winner worked on Miles from Home?,0.29100229692459106
"Who replaced the Peabody Award winner, made famous for his NPR flagship program, in 2004?",0.4595489062070846
What show is an American-Canadian drama starring Scott Lowell playing Ted Schmidt?,0.5001269903361797
"""HMS ""Sussex"" was an 80-gun third-rate ship, of the line of the English Royal Navy, for which sovereign state on the island of Great Britain from the 10th century—when it emerged from various Anglo-Saxon kingdoms—until 1707, when it united with Scotland to form the Kingdom of Great Britain?",0.12176587602496147
Arthur bell as an amateur cricketer player for what league known for employing professional players.,0.4295390636622906
"In regards to the album that had, according to Dave Grohl, his favourite song he has ever written, when was it released?",0.31574340629577635
True Williams was the first to illustrate which title character of a Mark Twain novel?,0.27969621258974076
"KKWQ-FM is a local radio station covering which area, that is a coextensive with Angle Township?",100
"Who worked for both the Security Service and the Secret Intelligence Service, and began writing novels under his pen name, Audre Lorde or John le Carré?",0.38905621014833447
The Oxus cobra contains what kind of ions for their venom to be active? ,100
The team Kevin Goldthwaite last played for play their home games at Providence Park since what year?,0.3128115320205689
Are Naser Mestarihi and Justin Sane both singer-songwriters?,0.3678324246883392
Which 2004 Nickelodeon show was created by Sue Rose and starred Molly Hagan? ,0.34700628143548967
